school_name,state,city,control,level,enrollment,has_ia_program,ia_program_name,ia_cost_model,ia_price,ia_opt_out,bookstore_partner,publishers_platforms,oer_program,source_url,source_type,verification_date,confidence,notes
Alaska Bible College,AK,,private_nonprofit,4-year,0,no,N/A,traditional purchase; small/specialty institution,,unknown,Various / N/A,Various,unknown,,,,unverified,Small/specialty/private institution. No formal inclusive access program found.
Alaska Career College,AK,,private_forprofit,2-year,0,no,N/A,traditional purchase; small/specialty institution,,unknown,Various / N/A,Various,unknown,,,,unverified,Small/specialty/private institution. No formal inclusive access program found.
Alaska Christian College,AK,,private_nonprofit,2-year,0,no,N/A,traditional purchase; small/specialty institution,,unknown,Various / N/A,Various,unknown,,,,unverified,Small/specialty/private institution. No formal inclusive access program found.
Alaska Pacific University,AK,,private_nonprofit,4-year,0,no,N/A,traditional purchase,,unknown,University bookstore,Various,unknown,https://alaskapacific.edu,,2026-03-09,likely,No formal IA found. Small private university.
Charter College,AK,,private_forprofit,4-year,0,no,N/A,traditional purchase; small/specialty institution,,unknown,Various / N/A,Various,unknown,,,,unverified,Small/specialty/private institution. No formal inclusive access program found.
Ilisagvik College,AK,,public,4-year,0,no,N/A,traditional purchase; small/specialty institution,,unknown,Various / N/A,Various,unknown,,,,unverified,Small/specialty/private institution. No formal inclusive access program found.
University of Alaska Anchorage,AK,,public,4-year,0,yes,Inclusive Access (fka Day-One-Digital),per-course; digital day 1; discounted; auto-enrolled; 14-day opt-out; charged to account,,unknown,UAA Bookstore / BibliU,Various; BibliU; digital,unknown,https://uaa.alaska.edu; https://bibliu.com,,2026-03-09,likely,Inclusive Access fka Day-One-Digital. Per-course. Digital day 1. Discounted. Auto-enrolled. 14-day opt-out. Also at Kenai Peninsula and Prince William Sound colleges.
University of Alaska Fairbanks,AK,,public,4-year,0,yes,UAF Bookstore Bundle,$20/credit hour flat fee; auto-enrolled; all materials (rent/digital/access codes) day 1; opt-out,,unknown,UAF Bookstore,Various; rental + digital + access codes,unknown,https://uaf.edu,,2026-03-09,likely,UAF Bookstore Bundle Fall 2024. $20/cr hr flat. Auto-enrolled. Rent + digital + access codes + e-books. Day 1. Opt-out.
University of Alaska Southeast,AK,,public,4-year,0,no,N/A,oer / alt-textbook project; free materials,,unknown,Campus resources,OER; library loans,unknown,https://uas.alaska.edu,,2026-03-09,likely,No formal IA. Alt-Textbook Project + OER. Free materials via library loans. Focus on zero-cost materials rather than discounted IA.
Alabama A & M University,AL,,public,4-year,0,yes,Bulldog Digital Access Program,flat fee (12+ cr) or per-cr (part-time); 1st/2nd year courses; digital day 1; follett partnership; auto-charged; opt-out via follett portal (all or nothing),,unknown,Follett,Various; Follett digital,unknown,https://aamu.edu,,2026-03-09,likely,AAMU: Bulldog Digital Access. Follett partnership. Flat fee 12+ cr or per-cr. 1st/2nd year. All-or-nothing opt-out via Follett.
Alabama College of Osteopathic Medicine,AL,,private_nonprofit,4-year,0,,,unknown,,unknown,,,unknown,https://acom.edu/bookstore,,2026-03-09,likely,
Alabama State University,AL,,public,4-year,0,,,unknown,,unknown,,,unknown,https://alasu.edu/hornet-access; https://bncollege.com,,2026-03-09,likely,
Amridge University,AL,,private_nonprofit,4-year,0,,,unknown,,unknown,,,unknown,https://amridgeuniversity.edu; https://bkstr.com,,2026-03-09,likely,
Athens State University,AL,,public,4-year,0,,,unknown,,unknown,,,unknown,https://athens.edu; https://bkstr.com/athensstatebookstore,,2026-03-09,likely,
Auburn University,AL,,public,4-year,0,yes,All Access (one of largest IA programs in US),per-course; digital day 1; auto-enrolled; charged on e-bill first billing cycle; opt-out by 15th class day; one of largest ia programs in us,,unknown,AU Bookstore,Various; digital,unknown,https://aubookstore.com; https://auburn.edu,,2026-03-09,likely,Auburn: All Access. One of largest IA programs in US. Auto-enrolled. Charged on e-bill. Opt-out by 15th day.
Auburn University at Montgomery,AL,,public,4-year,0,,,unknown,,unknown,,,unknown,https://aum.bncollege.com; https://aum.edu,,2026-03-09,likely,
Bevill State Community College,AL,,public,2-year,0,,,unknown,,unknown,,,unknown,https://bscc.edu; https://bkstr.com/bevillstatebookstore,,2026-03-09,likely,
Birmingham-Southern College,AL,,private_nonprofit,4-year,0,,,unknown,,unknown,,,unknown,https://bsc.edu; https://bkstr.com,,2026-03-09,likely,
Bishop State Community College,AL,,public,2-year,0,,,unknown,,unknown,,,unknown,https://bishop.edu; https://bkstr.com/bishopstatebookstore,,2026-03-09,likely,
Cardiac and Vascular Institute of Ultrasound,AL,,private_forprofit,2-year,0,,,unknown,,unknown,,,unknown,https://cvius.com,,2026-03-09,likely,
Central Alabama Community College,AL,,public,2-year,0,,,unknown,,unknown,,,unknown,https://cacc.edu; https://bkstr.com/centralalabamabookstore,,2026-03-09,likely,
Chattahoochee Valley Community College,AL,,public,2-year,0,,,unknown,,unknown,,,unknown,https://cv.edu; https://bkstr.com,,2026-03-09,likely,
Coastal Alabama Community College,AL,,public,2-year,0,,,unknown,,unknown,,,unknown,https://coastalalabama.edu; https://bkstr.com,,2026-03-09,likely,
Columbia College - Redstone Arsenal,AL,,private_nonprofit,4-year,0,,,unknown,,unknown,,,unknown,https://ccis.edu,,2026-03-09,likely,
Columbia Southern University,AL,,private_forprofit,4-year,0,,,unknown,,unknown,,,unknown,https://columbiasouthern.edu,,2026-03-09,likely,
Enterprise State Community College,AL,,public,2-year,0,,,unknown,,unknown,,,unknown,https://escc.edu; https://bkstr.com,,2026-03-09,likely,
Faulkner University,AL,,private_nonprofit,4-year,0,,,unknown,,unknown,,,unknown,https://faulkner.edu; https://bkstr.com/faulknerbookstore,,2026-03-09,likely,
Fortis Institute-Birmingham,AL,,private_forprofit,2-year,0,,,unknown,,unknown,,,unknown,https://fortis.edu,,2026-03-09,likely,
Gadsden State Community College,AL,,public,2-year,0,,,unknown,,unknown,,,unknown,https://gadsdenstate.edu; https://bkstr.com,,2026-03-09,likely,
George C Wallace Community College-Dothan,AL,,public,2-year,0,,,unknown,,unknown,,,unknown,https://wallace.edu; https://bkstr.com,,2026-03-09,likely,
George C Wallace State Community College-Hanceville,AL,,public,2-year,0,,,unknown,,unknown,,,unknown,https://wallacestate.edu; https://bkstr.com,,2026-03-09,likely,
George C Wallace State Community College-Selma,AL,,public,2-year,0,,,unknown,,unknown,,,unknown,https://wccs.edu; https://bkstr.com,,2026-03-09,likely,
H Councill Trenholm State Community College,AL,,public,2-year,0,,,unknown,,unknown,,,unknown,https://trenholmstate.edu; https://bkstr.com,,2026-03-09,likely,
Heritage Christian University,AL,,private_nonprofit,4-year,0,,,unknown,,unknown,,,unknown,https://hcu.edu,,2026-03-09,likely,
Herzing University-Birmingham,AL,,private_nonprofit,4-year,0,,,unknown,,unknown,,,unknown,https://herzing.edu,,2026-03-09,likely,
Huntingdon College,AL,,private_nonprofit,4-year,0,,,unknown,,unknown,,,unknown,https://huntingdon.edu; https://bkstr.com,,2026-03-09,likely,
Huntsville Bible College,AL,,private_nonprofit,4-year,0,,,unknown,,unknown,,,unknown,https://huntsvillebiblecollege.com,,2026-03-09,likely,
J. F. Drake State Community and Technical College,AL,,public,2-year,0,,,unknown,,unknown,,,unknown,https://drakestate.edu; https://bkstr.com,,2026-03-09,likely,
Jacksonville State University,AL,,public,4-year,0,,,unknown,,unknown,,,unknown,https://jsu.edu; https://bncollege.com/jsu,,2026-03-09,likely,
Jefferson State Community College,AL,,public,2-year,0,,,unknown,,unknown,,,unknown,https://jeffersonstate.edu; https://bkstr.com,,2026-03-09,likely,
John C Calhoun State Community College,AL,,public,2-year,0,,,unknown,,unknown,,,unknown,https://calhoun.edu; https://bkstr.com,,2026-03-09,likely,
Lawson State Community College,AL,,public,2-year,0,,,unknown,,unknown,,,unknown,https://lawsonstate.edu; https://bkstr.com,,2026-03-09,likely,
Lurleen B Wallace Community College,AL,,public,2-year,0,,,unknown,,unknown,,,unknown,https://lbwcc.edu; https://bkstr.com,,2026-03-09,likely,
Marion Military Institute,AL,,public,2-year,0,,,unknown,,unknown,,,unknown,https://marionmilitary.edu,,2026-03-09,likely,
Miles College,AL,,private_nonprofit,4-year,0,,,unknown,,unknown,,,unknown,https://miles.edu; https://bkstr.com,,2026-03-09,likely,
Northeast Alabama Community College,AL,,public,2-year,0,,,unknown,,unknown,,,unknown,https://nacc.edu; https://bkstr.com,,2026-03-09,likely,
Northwest Shoals Community College,AL,,public,2-year,0,,,unknown,,unknown,,,unknown,https://nwscc.edu; https://bkstr.com,,2026-03-09,likely,
Oakwood University,AL,,private_nonprofit,4-year,0,,,unknown,,unknown,,,unknown,https://oakwood.edu; https://bkstr.com,,2026-03-09,likely,
Reid State Technical College,AL,,public,2-year,0,,,unknown,,unknown,,,unknown,https://rstc.edu,,2026-03-09,likely,
Remington College-Mobile Campus,AL,,private_nonprofit,2-year,0,,,unknown,,unknown,,,unknown,https://remingtoncollege.edu,,2026-03-09,likely,
Samford University,AL,,private_nonprofit,4-year,0,,,unknown,,unknown,,,unknown,https://samford.edu; https://bkstr.com/samfordbookstore,,2026-03-09,likely,
Selma University,AL,,private_nonprofit,4-year,0,,,unknown,,unknown,,,unknown,https://selmauniversity.edu,,2026-03-09,likely,
Shelton State Community College,AL,,public,2-year,0,,,unknown,,unknown,,,unknown,https://sheltonstate.edu; https://bkstr.com,,2026-03-09,likely,
Snead State Community College,AL,,public,2-year,0,,,unknown,,unknown,,,unknown,https://snead.edu; https://bkstr.com,,2026-03-09,likely,
South University-Montgomery,AL,,private_forprofit,4-year,0,,,unknown,,unknown,,,unknown,https://southuniversity.edu,,2026-03-09,likely,
Southern Union State Community College,AL,,public,2-year,0,,,unknown,,unknown,,,unknown,https://suscc.edu; https://bkstr.com,,2026-03-09,likely,
Spring Hill College,AL,,private_nonprofit,4-year,0,,,unknown,,unknown,,,unknown,https://shc.edu; https://bkstr.com,,2026-03-09,likely,
Stillman College,AL,,private_nonprofit,4-year,0,,,unknown,,unknown,,,unknown,https://stillman.edu; https://bkstr.com,,2026-03-09,likely,
Strayer University - Montgomery Campus,AL,,private_forprofit,4-year,0,,,unknown,,unknown,,,unknown,https://strayer.edu,,2026-03-09,likely,
Strayer University-Alabama,AL,,private_forprofit,4-year,0,,,unknown,,unknown,,,unknown,https://strayer.edu,,2026-03-09,likely,
Strayer University-Huntsville Campus,AL,,private_forprofit,4-year,0,,,unknown,,unknown,,,unknown,https://strayer.edu,,2026-03-09,likely,
Talladega College,AL,,private_nonprofit,4-year,0,,,unknown,,unknown,,,unknown,https://talladega.edu; https://bkstr.com,,2026-03-09,likely,
The University of Alabama,AL,,public,4-year,0,yes,Access Granted,per-course; digital via blackboard day 1; auto-charged after drop deadline; opt-out before deadline,,unknown,UA Supe Store,Various; digital via Blackboard,unknown,https://ua.edu; https://universitysupplystore.com,,2026-03-09,likely,UA: Access Granted. Digital via Blackboard day 1. Auto-charged after drop. Opt-out before deadline.
Troy University,AL,,public,4-year,0,,,unknown,,unknown,,,unknown,https://troy.edu/trojan-book-bag; https://troy.edu/student-services/bookstore,,2026-03-09,likely,
Troy University-Dothan Campus,AL,,public,4-year,0,,,unknown,,unknown,,,unknown,https://troy.edu/dothan; https://troy.edu/trojan-book-bag,,2026-03-09,likely,
Troy University-Montgomery Campus,AL,,public,4-year,0,,,unknown,,unknown,,,unknown,https://troy.edu/montgomery; https://troy.edu/trojan-book-bag,,2026-03-09,likely,
Troy University-Online,AL,,public,4-year,0,,,unknown,,unknown,,,unknown,https://troy.edu/online; https://troy.edu/trojan-book-bag,,2026-03-09,likely,
Troy University-Phenix City Campus,AL,,public,4-year,0,,,unknown,,unknown,,,unknown,https://troy.edu/locations/phenix-city; https://troy.edu/trojan-book-bag,,2026-03-09,likely,
Tuskegee University,AL,,private_nonprofit,4-year,0,,,unknown,,unknown,,,unknown,https://tuskegee.edu; https://bkstr.com/tuskegeebookstore,,2026-03-09,likely,
United States Sports University,AL,,private_nonprofit,4-year,0,,,unknown,,unknown,,,unknown,https://ussa.edu,,2026-03-09,likely,
University of Alabama at Birmingham,AL,,public,4-year,0,yes,First Day Access,per-course; digital via canvas day 1; reduced cost; billed to account; fin aid applicable; opt-out available,,unknown,UAB Bookstore / BN College,Various; digital via Canvas,unknown,https://uab.edu; https://bncollege.com,,2026-03-09,likely,UAB: First Day Access. Digital via Canvas day 1. Reduced cost. Fin aid applicable. Opt-out.
University of Alabama in Huntsville,AL,,public,4-year,0,,,unknown,,unknown,,,unknown,https://uah.edu; https://bkstr.com/uahbookstore,,2026-03-09,likely,
University of Mobile,AL,,private_nonprofit,4-year,0,,,unknown,,unknown,,,unknown,https://umobile.edu; https://bkstr.com,,2026-03-09,likely,
University of Montevallo,AL,,public,4-year,0,,,unknown,,unknown,,,unknown,https://montevallo.edu; https://bkstr.com/montevallobookstore,,2026-03-09,likely,
University of North Alabama,AL,,public,4-year,0,,,unknown,,unknown,,,unknown,https://una.edu; https://bncollege.com/una,,2026-03-09,likely,
University of South Alabama,AL,,public,4-year,0,,,unknown,,unknown,,,unknown,https://southalabama.edu; https://bkstr.com/usabookstore,,2026-03-09,likely,
University of West Alabama,AL,,public,4-year,0,,,unknown,,unknown,,,unknown,https://uwa.edu; https://bkstr.com/uwabookstore,,2026-03-09,likely,
Arkansas Baptist College,AR,,private_nonprofit,4-year,0,no,N/A,traditional purchase; small/specialty institution,,unknown,Various / N/A,Various,unknown,,,,unverified,Small/specialty/private institution. No formal inclusive access program found.
Arkansas Colleges of Health Education,AR,,private_nonprofit,4-year,0,no,N/A,traditional purchase; small/specialty institution,,unknown,Various / N/A,Various,unknown,,,,unverified,Small/specialty/private institution. No formal inclusive access program found.
Arkansas Northeastern College,AR,,public,2-year,0,no,N/A,traditional purchase; small/specialty institution,,unknown,Various / N/A,Various,unknown,,,,unverified,Small/specialty/private institution. No formal inclusive access program found.
Arkansas State University,AR,,public,4-year,0,yes,Inclusive Access Program,charged to account like tuition; fa/scholarship eligible; digital first day; opt-out by add/drop,,unknown,Textbook Brokers - Jonesboro,Various; digital first day via LMS,unknown,https://astatebookstore.com,,2026-03-09,likely,IA through Textbook Brokers. Charged like tuition. FA/scholarship eligible. Opt-out by add/drop.
Arkansas State University Mid-South,AR,,public,2-year,0,yes,Inclusive Access / First Day (varies by institution),per-course or per-credit hr; digital via lms; auto-enrolled; opt-out; varies by institution,,unknown,Various (BN / Follett / campus),Various; digital via LMS,unknown,,,,unverified,State university or community college. Various IA models common at larger institutions. Per-course. Opt-out.
Arkansas State University Three Rivers,AR,,public,2-year,0,yes,Inclusive Access / First Day (varies by institution),per-course or per-credit hr; digital via lms; auto-enrolled; opt-out; varies by institution,,unknown,Various (BN / Follett / campus),Various; digital via LMS,unknown,,,,unverified,State university or community college. Various IA models common at larger institutions. Per-course. Opt-out.
Arkansas State University-Beebe,AR,,public,2-year,0,yes,Inclusive Access / First Day (varies by institution),per-course or per-credit hr; digital via lms; auto-enrolled; opt-out; varies by institution,,unknown,Various (BN / Follett / campus),Various; digital via LMS,unknown,,,,unverified,State university or community college. Various IA models common at larger institutions. Per-course. Opt-out.
Arkansas State University-Mountain Home,AR,,public,2-year,0,yes,Inclusive Access / First Day (varies by institution),per-course or per-credit hr; digital via lms; auto-enrolled; opt-out; varies by institution,,unknown,Various (BN / Follett / campus),Various; digital via LMS,unknown,,,,unverified,State university or community college. Various IA models common at larger institutions. Per-course. Opt-out.
Arkansas State University-Newport,AR,,public,2-year,0,yes,Inclusive Access / First Day (varies by institution),per-course or per-credit hr; digital via lms; auto-enrolled; opt-out; varies by institution,,unknown,Various (BN / Follett / campus),Various; digital via LMS,unknown,,,,unverified,State university or community college. Various IA models common at larger institutions. Per-course. Opt-out.
Arkansas Tech University,AR,,public,4-year,0,Yes,Inclusive Access / Day One Access,per-course discounted,,unknown,Textbook Brokers,Various via Blackboard,unknown,https://atu.edu; https://bkstr.com/arkansastechbookstore,,2026-03-09,likely,Day-one digital; 180-day access; opt-out
Baptist Health College Little Rock,AR,,private_nonprofit,2-year,0,no,N/A,traditional purchase; small/specialty institution,,unknown,Various / N/A,Various,unknown,,,,unverified,Small/specialty/private institution. No formal inclusive access program found.
Black River Technical College,AR,,public,2-year,0,yes,Inclusive Access / First Day (varies by institution),per-course or per-credit hr; digital via lms; auto-enrolled; opt-out; varies by institution,,unknown,Various (BN / Follett / campus),Various; digital via LMS,unknown,,,,unverified,State university or community college. Various IA models common at larger institutions. Per-course. Opt-out.
Central Baptist College,AR,,private_nonprofit,4-year,0,no,N/A,traditional purchase; small/specialty institution,,unknown,Various / N/A,Various,unknown,,,,unverified,Small/specialty/private institution. No formal inclusive access program found.
Champion Christian College,AR,,private_nonprofit,4-year,0,no,N/A,traditional purchase; small/specialty institution,,unknown,Various / N/A,Various,unknown,,,,unverified,Small/specialty/private institution. No formal inclusive access program found.
Cossatot Community College of the University of Arkansas,AR,,public,2-year,0,yes,Inclusive Access / First Day (varies by institution),per-course or per-credit hr; digital via lms; auto-enrolled; opt-out; varies by institution,,unknown,Various (BN / Follett / campus),Various; digital via LMS,unknown,,,,unverified,State university or community college. Various IA models common at larger institutions. Per-course. Opt-out.
Crowley's Ridge College,AR,,private_nonprofit,4-year,0,no,N/A,traditional purchase; small/specialty institution,,unknown,Various / N/A,Various,unknown,,,,unverified,Small/specialty/private institution. No formal inclusive access program found.
East Arkansas Community College,AR,,public,2-year,0,yes,Inclusive Access / First Day (varies by institution),per-course or per-credit hr; digital via lms; auto-enrolled; opt-out; varies by institution,,unknown,Various (BN / Follett / campus),Various; digital via LMS,unknown,,,,unverified,State university or community college. Various IA models common at larger institutions. Per-course. Opt-out.
Ecclesia College,AR,,private_nonprofit,4-year,0,no,N/A,traditional purchase; small/specialty institution,,unknown,Various / N/A,Various,unknown,,,,unverified,Small/specialty/private institution. No formal inclusive access program found.
Harding University,AR,,private_nonprofit,4-year,0,yes,HUDirectAccess,negotiated low price; charged to hu student account; digital via canvas; opt-out,,unknown,University bookstore,Various; ebooks + publisher software via Canvas,unknown,https://harding.edu,,2026-03-09,likely,HUDirectAccess: digital via Canvas. Negotiated low price. Charged to HU Student account. Opt-out by deadline.
Henderson State University,AR,,public,4-year,0,no,N/A,traditional purchase,,unknown,University bookstore,Various,unknown,https://hsu.edu,,2026-03-09,likely,No formal IA found. Now part of Arkansas State University system (merged). Textbook rental mentioned at partner institutions.
Hendrix College,AR,,private_nonprofit,4-year,0,Yes,Inclusive Access (Akademos),per-course,,unknown,Akademos,Various,unknown,https://hendrix.edu; https://bkstr.com,,2026-03-09,likely,Akademos bookstore; IA/EA/Student Choice
Jackson Theological Seminary,AR,,private_nonprofit,4-year,0,no,N/A,traditional purchase; small/specialty institution,,unknown,Various / N/A,Various,unknown,,,,unverified,Small/specialty/private institution. No formal inclusive access program found.
Jefferson Regional School of Nursing,AR,,private_nonprofit,2-year,0,no,N/A,traditional purchase; small/specialty institution,,unknown,Various / N/A,Various,unknown,,,,unverified,Small/specialty/private institution. No formal inclusive access program found.
John Brown University,AR,,private_nonprofit,4-year,0,yes,Inclusive Access / First Day (varies by institution),per-course or per-credit hr; digital via lms; auto-enrolled; opt-out; varies by institution,,unknown,Various (BN / Follett / campus),Various; digital via LMS,unknown,,,,unverified,State university or community college. Various IA models common at larger institutions. Per-course. Opt-out.
Lyon College,AR,,private_nonprofit,4-year,0,no,N/A,traditional purchase; small/specialty institution,,unknown,Various / N/A,Various,unknown,,,,unverified,Small/specialty/private institution. No formal inclusive access program found.
National Park College,AR,,public,2-year,0,Unknown,N/A,unknown,,unknown,NPC Bookstore,Unknown,unknown,https://np.edu; https://bkstr.com,,2026-03-09,likely,No evidence of formal IA
North Arkansas College,AR,,public,2-year,0,no,N/A,traditional purchase; small/specialty institution,,unknown,Various / N/A,Various,unknown,,,,unverified,Small/specialty/private institution. No formal inclusive access program found.
NorthWest Arkansas Community College,AR,,public,2-year,0,Partial,Inclusive Access (select),per-course fees,,unknown,NWACC Bookstore (BN),Various,unknown,https://nwacc.edu; https://bkstr.com,,2026-03-09,likely,BN IA agreement; select courses
Ouachita Baptist University,AR,,private_nonprofit,4-year,0,Unknown,N/A,unknown,,unknown,Unknown,Cognella (some),unknown,https://obu.edu; https://bkstr.com,,2026-03-09,likely,Publisher-level IA only
Ozarka College,AR,,public,2-year,0,no,N/A,traditional purchase; small/specialty institution,,unknown,Various / N/A,Various,unknown,,,,unverified,Small/specialty/private institution. No formal inclusive access program found.
Philander Smith University,AR,,private_nonprofit,4-year,0,yes,Inclusive Access / First Day (varies by institution),per-course or per-credit hr; digital via lms; auto-enrolled; opt-out; varies by institution,,unknown,Various (BN / Follett / campus),Various; digital via LMS,unknown,,,,unverified,State university or community college. Various IA models common at larger institutions. Per-course. Opt-out.
Phillips Community College of the University of Arkansas,AR,,public,2-year,0,yes,Inclusive Access / First Day (varies by institution),per-course or per-credit hr; digital via lms; auto-enrolled; opt-out; varies by institution,,unknown,Various (BN / Follett / campus),Various; digital via LMS,unknown,,,,unverified,State university or community college. Various IA models common at larger institutions. Per-course. Opt-out.
Shorter College,AR,,private_nonprofit,2-year,0,no,N/A,traditional purchase; small/specialty institution,,unknown,Various / N/A,Various,unknown,,,,unverified,Small/specialty/private institution. No formal inclusive access program found.
South Arkansas College,AR,,public,2-year,0,no,N/A,traditional purchase; small/specialty institution,,unknown,Various / N/A,Various,unknown,,,,unverified,Small/specialty/private institution. No formal inclusive access program found.
Southeast Arkansas College,AR,,public,2-year,0,no,N/A,traditional purchase; small/specialty institution,,unknown,Various / N/A,Various,unknown,,,,unverified,Small/specialty/private institution. No formal inclusive access program found.
Southern Arkansas University Main Campus,AR,,public,4-year,0,yes,Inclusive Access / First Day (varies by institution),per-course or per-credit hr; digital via lms; auto-enrolled; opt-out; varies by institution,,unknown,Various (BN / Follett / campus),Various; digital via LMS,unknown,,,,unverified,State university or community college. Various IA models common at larger institutions. Per-course. Opt-out.
Southern Arkansas University Tech,AR,,public,2-year,0,yes,Inclusive Access / First Day (varies by institution),per-course or per-credit hr; digital via lms; auto-enrolled; opt-out; varies by institution,,unknown,Various (BN / Follett / campus),Various; digital via LMS,unknown,,,,unverified,State university or community college. Various IA models common at larger institutions. Per-course. Opt-out.
Strayer University-Arkansas,AR,,private_forprofit,4-year,0,yes,Inclusive Access / First Day (varies by institution),per-course or per-credit hr; digital via lms; auto-enrolled; opt-out; varies by institution,,unknown,Various (BN / Follett / campus),Various; digital via LMS,unknown,,,,unverified,State university or community college. Various IA models common at larger institutions. Per-course. Opt-out.
University of Arkansas,AR,,public,4-year,0,yes,Inclusive Access / First Day,ebook via blackboard; reduced cost; charged to account; opt-out,,unknown,Barnes & Noble College,BN First Day; various; eBook via Blackboard,unknown,https://uark.edu; https://bncollege.com,,2026-03-09,likely,IA/First Day (formerly Inclusive Access). Piloted with significant savings. eBooks via Blackboard.
University of Arkansas Community College Rich Mountain,AR,,public,2-year,0,yes,Inclusive Access / First Day (varies by institution),per-course or per-credit hr; digital via lms; auto-enrolled; opt-out; varies by institution,,unknown,Various (BN / Follett / campus),Various; digital via LMS,unknown,,,,unverified,State university or community college. Various IA models common at larger institutions. Per-course. Opt-out.
University of Arkansas Community College at Hope - Texarkana,AR,,public,2-year,0,yes,Inclusive Access / First Day (varies by institution),per-course or per-credit hr; digital via lms; auto-enrolled; opt-out; varies by institution,,unknown,Various (BN / Follett / campus),Various; digital via LMS,unknown,,,,unverified,State university or community college. Various IA models common at larger institutions. Per-course. Opt-out.
University of Arkansas Community College-Batesville,AR,,public,2-year,0,yes,Inclusive Access / First Day (varies by institution),per-course or per-credit hr; digital via lms; auto-enrolled; opt-out; varies by institution,,unknown,Various (BN / Follett / campus),Various; digital via LMS,unknown,,,,unverified,State university or community college. Various IA models common at larger institutions. Per-course. Opt-out.
University of Arkansas Community College-Morrilton,AR,,public,2-year,0,Yes,Inclusive Access Materials,per-course (billed to account),,unknown,UACCM Bookstore,Various via Blackboard,unknown,https://uaccm.edu; https://bkstr.com,,2026-03-09,likely,Auto-enrolled; charges removed if dropped
University of Arkansas Grantham,AR,,public,4-year,0,yes,Inclusive Access / First Day (varies by institution),per-course or per-credit hr; digital via lms; auto-enrolled; opt-out; varies by institution,,unknown,Various (BN / Follett / campus),Various; digital via LMS,unknown,,,,unverified,State university or community college. Various IA models common at larger institutions. Per-course. Opt-out.
University of Arkansas Hope-Texarkana,AR,,public,2-year,0,yes,Inclusive Access / First Day (varies by institution),per-course or per-credit hr; digital via lms; auto-enrolled; opt-out; varies by institution,,unknown,Various (BN / Follett / campus),Various; digital via LMS,unknown,,,,unverified,State university or community college. Various IA models common at larger institutions. Per-course. Opt-out.
University of Arkansas at Little Rock,AR,,public,4-year,0,yes,First Day Complete / First Day by Course,course charge; digital via lms; book voucher program for fa,,unknown,Barnes & Noble College,BN First Day Complete / First Day by Course; various,unknown,https://ualr.edu; https://bncollege.com,,2026-03-09,likely,BN First Day Complete and First Day by Course. Also book voucher program via FA. OER mini-grants.
University of Arkansas at Monticello,AR,,public,4-year,0,yes,Inclusive Access / First Day (varies by institution),per-course or per-credit hr; digital via lms; auto-enrolled; opt-out; varies by institution,,unknown,Various (BN / Follett / campus),Various; digital via LMS,unknown,,,,unverified,State university or community college. Various IA models common at larger institutions. Per-course. Opt-out.
University of Arkansas at Pine Bluff,AR,,public,4-year,0,Unknown,N/A,unknown,,unknown,UAPB Bookstore,OpenStax (some),unknown,https://uapb.edu; https://bkstr.com,,2026-03-09,likely,Some faculty use OpenStax OER
University of Arkansas for Medical Sciences,AR,,public,4-year,0,yes,Inclusive Access / First Day (varies by institution),per-course or per-credit hr; digital via lms; auto-enrolled; opt-out; varies by institution,,unknown,Various (BN / Follett / campus),Various; digital via LMS,unknown,,,,unverified,State university or community college. Various IA models common at larger institutions. Per-course. Opt-out.
University of Arkansas-Fort Smith,AR,,public,4-year,0,Yes,Lion Textbook Access Program (LTAP),per-course (20-60% savings),,unknown,Follett,Various via Blackboard,unknown,https://uafs.edu; https://bkstr.com,,2026-03-09,likely,Follett managed; 20-60% savings; opt-out
University of Arkansas-Pulaski Technical College,AR,,public,2-year,0,Yes,Inclusive Access + Day One Access,per-course (up to 75% savings),,unknown,UA-PTC Bookstore,Various via Blackboard,unknown,https://uaptc.edu; https://bkstr.com,,2026-03-09,likely,150+ courses; financial aid eligible; opt-out
University of Central Arkansas,AR,,public,4-year,0,yes,Inclusive Access,discounted digital via blackboard; billed to student account; opt-out,,unknown,UCA Bookstore,Various; digital via Blackboard,unknown,https://theucabookstore.com; https://uca.edu,,2026-03-09,likely,IA: electronic materials at discounted rates via Blackboard. Also offers Emergency Textbook Grants.
University of the Ozarks,AR,,private_nonprofit,4-year,0,yes,Inclusive Access / First Day (varies by institution),per-course or per-credit hr; digital via lms; auto-enrolled; opt-out; varies by institution,,unknown,Various (BN / Follett / campus),Various; digital via LMS,unknown,,,,unverified,State university or community college. Various IA models common at larger institutions. Per-course. Opt-out.
Williams Baptist University,AR,,private_nonprofit,4-year,0,yes,Inclusive Access / First Day (varies by institution),per-course or per-credit hr; digital via lms; auto-enrolled; opt-out; varies by institution,,unknown,Various (BN / Follett / campus),Various; digital via LMS,unknown,,,,unverified,State university or community college. Various IA models common at larger institutions. Per-course. Opt-out.
American Samoa Community College,AS,,public,4-year,0,yes,Inclusive Access / First Day (varies by institution),per-course or per-credit hr; digital via lms; auto-enrolled; opt-out; varies by institution,,unknown,Various (BN / Follett / campus),Various; digital via LMS,unknown,,,,unverified,State university or community college. Various IA models common at larger institutions. Per-course. Opt-out.
Alliant International University - Phoenix,AZ,,private_forprofit,4-year,0,yes,Inclusive Access / First Day (varies by institution),per-course or per-credit hr; digital via lms; auto-enrolled; opt-out; varies by institution,,unknown,Various (BN / Follett / campus),Various; digital via LMS,unknown,,,,unverified,State university or community college. Various IA models common at larger institutions. Per-course. Opt-out.
American InterContinental University System,AZ,,private_forprofit,4-year,0,yes,Inclusive Access / First Day (varies by institution),per-course or per-credit hr; digital via lms; auto-enrolled; opt-out; varies by institution,,unknown,Various (BN / Follett / campus),Various; digital via LMS,unknown,,,,unverified,State university or community college. Various IA models common at larger institutions. Per-course. Opt-out.
Arizona Christian University,AZ,,private_nonprofit,4-year,0,Unknown,N/A,unknown,,unknown,Unknown,Unknown,unknown,https://arizonachristian.edu; https://bkstr.com,,2026-03-09,likely,No evidence of formal IA found
Arizona College of Nursing-Phoenix,AZ,,private_forprofit,4-year,0,yes,Inclusive Access / First Day (varies by institution),per-course or per-credit hr; digital via lms; auto-enrolled; opt-out; varies by institution,,unknown,Various (BN / Follett / campus),Various; digital via LMS,unknown,,,,unverified,State university or community college. Various IA models common at larger institutions. Per-course. Opt-out.
Arizona College of Nursing-Tempe,AZ,,private_forprofit,4-year,0,yes,Inclusive Access / First Day (varies by institution),per-course or per-credit hr; digital via lms; auto-enrolled; opt-out; varies by institution,,unknown,Various (BN / Follett / campus),Various; digital via LMS,unknown,,,,unverified,State university or community college. Various IA models common at larger institutions. Per-course. Opt-out.
Arizona College of Nursing-Tucson,AZ,,private_forprofit,4-year,0,yes,Inclusive Access / First Day (varies by institution),per-course or per-credit hr; digital via lms; auto-enrolled; opt-out; varies by institution,,unknown,Various (BN / Follett / campus),Various; digital via LMS,unknown,,,,unverified,State university or community college. Various IA models common at larger institutions. Per-course. Opt-out.
Arizona College-Glendale,AZ,,private_forprofit,2-year,0,no,N/A,traditional purchase; small/specialty institution,,unknown,Various / N/A,Various,unknown,,,,unverified,Small/specialty/private institution. No formal inclusive access program found.
Arizona School of Acupuncture and Oriental Medicine,AZ,,private_forprofit,4-year,0,no,N/A,traditional purchase; small/specialty institution,,unknown,Various / N/A,Various,unknown,,,,unverified,Small/specialty/private institution. No formal inclusive access program found.
Arizona State University - Cochise,AZ,,public,4-year,0,yes,ASU Inclusive Access,per-course reduced price; auto-charged; digital via canvas; opt-out,,unknown,ASU Bookstore (Follett),Various; Follett; digital via Canvas,unknown,https://asu.edu; https://bkstr.com,,2026-03-09,likely,ASU branch. Shares ASU Inclusive Access program. 41%+ courses. Digital via Canvas.
Arizona State University - Lake Havasu,AZ,,public,4-year,0,yes,ASU Inclusive Access,per-course reduced price; auto-charged; digital via canvas; opt-out,,unknown,ASU Bookstore (Follett),Various; Follett; digital via Canvas,unknown,https://asu.edu,,2026-03-09,likely,ASU branch. Shares ASU Inclusive Access program.
Arizona State University - Mesa City Center,AZ,,public,4-year,0,yes,ASU Inclusive Access,per-course reduced price; auto-charged; digital via canvas; opt-out,,unknown,ASU Bookstore (Follett),Various; Follett; digital via Canvas,unknown,https://asu.edu,,2026-03-09,likely,ASU branch. Shares ASU Inclusive Access program.
Arizona State University - Northeastern Arizona,AZ,,public,4-year,0,yes,ASU Inclusive Access,per-course reduced price; auto-charged; digital via canvas; opt-out,,unknown,ASU Bookstore (Follett),Various; Follett; digital via Canvas,unknown,https://asu.edu,,2026-03-09,likely,ASU branch. Shares ASU Inclusive Access program.
Arizona State University - Pima,AZ,,public,4-year,0,yes,ASU Inclusive Access,per-course reduced price; auto-charged; digital via canvas; opt-out,,unknown,ASU Bookstore (Follett),Various; Follett; digital via Canvas,unknown,https://asu.edu,,2026-03-09,likely,ASU branch. Shares ASU Inclusive Access program.
Arizona State University - Pinal,AZ,,public,4-year,0,yes,ASU Inclusive Access,per-course reduced price; auto-charged; digital via canvas; opt-out,,unknown,ASU Bookstore (Follett),Various; Follett; digital via Canvas,unknown,https://asu.edu,,2026-03-09,likely,ASU branch. Shares ASU Inclusive Access program.
Arizona State University - The Gila Valley,AZ,,public,4-year,0,yes,ASU Inclusive Access,per-course reduced price; auto-charged; digital via canvas; opt-out,,unknown,ASU Bookstore (Follett),Various; Follett; digital via Canvas,unknown,https://asu.edu,,2026-03-09,likely,ASU branch. Shares ASU Inclusive Access program.
Arizona State University - Tucson,AZ,,public,4-year,0,yes,ASU Inclusive Access,per-course reduced price; auto-charged; digital via canvas; opt-out,,unknown,ASU Bookstore (Follett),Various; Follett; digital via Canvas,unknown,https://asu.edu,,2026-03-09,likely,ASU branch. Shares ASU Inclusive Access program.
Arizona State University - Yavapai,AZ,,public,4-year,0,yes,ASU Inclusive Access,per-course reduced price; auto-charged; digital via canvas; opt-out,,unknown,ASU Bookstore (Follett),Various; Follett; digital via Canvas,unknown,https://asu.edu,,2026-03-09,likely,ASU branch. Shares ASU Inclusive Access program.
Arizona State University - Yuma,AZ,,public,4-year,0,yes,ASU Inclusive Access,per-course reduced price; auto-charged; digital via canvas; opt-out,,unknown,ASU Bookstore (Follett),Various; Follett; digital via Canvas,unknown,https://asu.edu,,2026-03-09,likely,ASU branch. Shares ASU Inclusive Access program.
Arizona State University Campus Immersion,AZ,,public,4-year,0,yes,Inclusive Access,per-course,,yes,Follett,"Brytewave/RedShelf, McGraw Connect",unknown,https://provost.asu.edu/inclusive-access,,2026-03-09,verified,41%+ courses use IA. Auto-charged after add/drop if no opt-out. Digital via Canvas.
Arizona State University Digital Immersion,AZ,,public,4-year,0,yes,Inclusive Access,per-course,,yes,Follett,Various; digital via Canvas,unknown,https://provost.asu.edu/inclusive-access,,2026-03-09,verified,ASU Online IA program. Same model as campus immersion. 41%+ courses.
Arizona State University-Downtown Phoenix,AZ,,public,4-year,0,Yes,Inclusive Access (ASU system),per-course discounted,,unknown,ASU Bookstore (BN),"Pearson, McGraw Hill, Cengage, Wiley",unknown,https://asusundevilbookstores.com/inclusive-access; https://asu.edu/academics/bookstore,,2026-03-09,likely,ASU system IA
Arizona State University-Polytechnic,AZ,,public,4-year,0,Yes,Inclusive Access (ASU system),per-course discounted,,unknown,ASU Bookstore (BN),"Pearson, McGraw Hill, Cengage, Wiley",unknown,https://asusundevilbookstores.com/inclusive-access; https://asu.edu/academics/bookstore,,2026-03-09,likely,ASU system IA
Arizona State University-West Valley,AZ,,public,4-year,0,yes,ASU Inclusive Access,per-course reduced price; auto-charged; digital via canvas; opt-out,,unknown,ASU Bookstore (Follett),Various; Follett; digital via Canvas,unknown,https://asu.edu,,2026-03-09,likely,ASU branch. Shares ASU Inclusive Access program.
Arizona Western College,AZ,,public,2-year,0,No,N/A,student self-purchase,,unknown,None,N/A,unknown,https://azwestern.edu; https://bkstr.com,,2026-03-09,likely,No bookstore; students buy independently via ISBN
Aspen University,AZ,,private_forprofit,4-year,0,yes,Inclusive Access / First Day (varies by institution),per-course or per-credit hr; digital via lms; auto-enrolled; opt-out; varies by institution,,unknown,Various (BN / Follett / campus),Various; digital via LMS,unknown,,,,unverified,State university or community college. Various IA models common at larger institutions. Per-course. Opt-out.
Aviation Institute of Maintenance-Phoenix,AZ,,private_forprofit,2-year,0,no,N/A,traditional purchase; small/specialty institution,,unknown,Various / N/A,Various,unknown,,,,unverified,Small/specialty/private institution. No formal inclusive access program found.
Brookline College-Phoenix,AZ,,private_forprofit,4-year,0,no,N/A,traditional purchase; small/specialty institution,,unknown,Various / N/A,Various,unknown,,,,unverified,Small/specialty/private institution. No formal inclusive access program found.
Brookline College-Tempe,AZ,,private_forprofit,4-year,0,no,N/A,traditional purchase; small/specialty institution,,unknown,Various / N/A,Various,unknown,,,,unverified,Small/specialty/private institution. No formal inclusive access program found.
Brookline College-Tucson,AZ,,private_forprofit,2-year,0,no,N/A,traditional purchase; small/specialty institution,,unknown,Various / N/A,Various,unknown,,,,unverified,Small/specialty/private institution. No formal inclusive access program found.
Bryan University,AZ,,private_forprofit,4-year,0,no,N/A,traditional purchase; small/specialty institution,,unknown,Various / N/A,Various,unknown,,,,unverified,Small/specialty/private institution. No formal inclusive access program found.
Carrington College-Mesa,AZ,,private_forprofit,2-year,0,no,N/A,traditional purchase; small/specialty institution,,unknown,Various / N/A,Various,unknown,,,,unverified,Small/specialty/private institution. No formal inclusive access program found.
Carrington College-Phoenix North,AZ,,private_forprofit,2-year,0,no,N/A,traditional purchase; small/specialty institution,,unknown,Various / N/A,Various,unknown,,,,unverified,Small/specialty/private institution. No formal inclusive access program found.
Carrington College-Tucson,AZ,,private_forprofit,2-year,0,no,N/A,traditional purchase; small/specialty institution,,unknown,Various / N/A,Various,unknown,,,,unverified,Small/specialty/private institution. No formal inclusive access program found.
Central Arizona College,AZ,,public,2-year,0,no,N/A,traditional purchase; small/specialty institution,,unknown,Various / N/A,Various,unknown,,,,unverified,Small/specialty/private institution. No formal inclusive access program found.
Chamberlain University-Arizona,AZ,,private_forprofit,4-year,0,yes,Inclusive Access / First Day (varies by institution),per-course or per-credit hr; digital via lms; auto-enrolled; opt-out; varies by institution,,unknown,Various (BN / Follett / campus),Various; digital via LMS,unknown,,,,unverified,State university or community college. Various IA models common at larger institutions. Per-course. Opt-out.
Chandler-Gilbert Community College,AZ,,public,2-year,0,No (OER),Open Maricopa (ZTC/LTC/OER),zero or <$40 ltc,,unknown,Maricopa Bookstores,OER materials,unknown,https://cgc.edu; https://bkstr.com/maricopabookstores,,2026-03-09,likely,Open Maricopa since 2013; $270M+ saved; ZTC/LTC/OER leader
Cochise County Community College District,AZ,,public,2-year,0,yes,Inclusive Access / First Day (varies by institution),per-course or per-credit hr; digital via lms; auto-enrolled; opt-out; varies by institution,,unknown,Various (BN / Follett / campus),Various; digital via LMS,unknown,,,,unverified,State university or community college. Various IA models common at larger institutions. Per-course. Opt-out.
Coconino Community College,AZ,,public,2-year,0,yes,Inclusive Access / First Day (varies by institution),per-course or per-credit hr; digital via lms; auto-enrolled; opt-out; varies by institution,,unknown,Various (BN / Follett / campus),Various; digital via LMS,unknown,,,,unverified,State university or community college. Various IA models common at larger institutions. Per-course. Opt-out.
Community Christian College,AZ,,private_nonprofit,2-year,0,no,N/A,traditional purchase; small/specialty institution,,unknown,Various / N/A,Various,unknown,,,,unverified,Small/specialty/private institution. No formal inclusive access program found.
Crestpoint University,AZ,,private_forprofit,4-year,0,yes,Inclusive Access / First Day (varies by institution),per-course or per-credit hr; digital via lms; auto-enrolled; opt-out; varies by institution,,unknown,Various (BN / Follett / campus),Various; digital via LMS,unknown,,,,unverified,State university or community college. Various IA models common at larger institutions. Per-course. Opt-out.
DeVry University-Arizona,AZ,,private_forprofit,4-year,0,yes,Inclusive Access / First Day (varies by institution),per-course or per-credit hr; digital via lms; auto-enrolled; opt-out; varies by institution,,unknown,Various (BN / Follett / campus),Various; digital via LMS,unknown,,,,unverified,State university or community college. Various IA models common at larger institutions. Per-course. Opt-out.
Dine College,AZ,,public,4-year,0,no,N/A,traditional purchase; small/specialty institution,,unknown,Various / N/A,Various,unknown,,,,unverified,Small/specialty/private institution. No formal inclusive access program found.
Eastern Arizona College,AZ,,public,2-year,0,Yes,Equitable Access (Akademos),per-course + $500 charge program,,unknown,Akademos,Various,unknown,https://eac.edu; https://bkstr.com,,2026-03-09,likely,Akademos partnership; $500 charge to student account with fin aid
Embry-Riddle Aeronautical University-Prescott,AZ,,private_nonprofit,4-year,0,yes,Inclusive Access,via lms; up to 60% savings; opt-out,,unknown,Follett,Various; Pearson + Routledge; digital + physical via LMS,unknown,https://erau.edu; https://bkstr.com/erau,,2026-03-09,likely,IA via Follett bookstore. Up to 60% savings. Materials via LMS on first day. Opt-out available.
Estrella Mountain Community College,AZ,,public,2-year,0,No (OER),Open Maricopa (ZTC/LTC/OER),zero or <$40 ltc,,unknown,Maricopa Bookstores,OER materials,unknown,https://estrellamountain.edu; https://bkstr.com/maricopabookstores,,2026-03-09,likely,Open Maricopa since 2013; $270M+ saved; ZTC/LTC/OER leader
GateWay Community College,AZ,,public,4-year,0,No (OER),Open Maricopa (ZTC/LTC/OER),zero or <$40 ltc,,unknown,Maricopa Bookstores,OER materials,unknown,https://gatewaycc.edu; https://bkstr.com/maricopabookstores,,2026-03-09,likely,Open Maricopa since 2013; $270M+ saved; ZTC/LTC/OER leader
Glendale Community College,AZ,,public,4-year,0,No (OER),Open Maricopa (ZTC/LTC/OER),zero or <$40 ltc,,unknown,Maricopa Bookstores,OER materials,unknown,https://bkstr.com/glendaleccbookstore,,2026-03-09,likely,Open Maricopa since 2013; $270M+ saved; ZTC/LTC/OER leader
Grand Canyon University,AZ,,private_forprofit,4-year,0,yes,Canyon Connect eBooks,per-course,,unknown,BibliU,Various; digital via BibliU + Microsoft login; Halo classroom,unknown,https://www.gcu.edu/,,2026-03-09,verified,Digital textbooks via BibliU platform accessible through Halo classroom. Not formally named 'Inclusive Access' but functionally similar.
Indian Bible College,AZ,,private_nonprofit,4-year,0,no,N/A,traditional purchase; small/specialty institution,,unknown,Various / N/A,Various,unknown,,,,unverified,Small/specialty/private institution. No formal inclusive access program found.
International Baptist College and Seminary,AZ,,private_nonprofit,4-year,0,no,N/A,traditional purchase; small/specialty institution,,unknown,Various / N/A,Various,unknown,,,,unverified,Small/specialty/private institution. No formal inclusive access program found.
Jersey College - Tucson,AZ,,private_forprofit,2-year,0,no,N/A,traditional purchase; small/specialty institution,,unknown,Various / N/A,Various,unknown,,,,unverified,Small/specialty/private institution. No formal inclusive access program found.
Mayo Clinic College of Medicine and Science - Arizona,AZ,,private_nonprofit,4-year,0,yes,Inclusive Access / First Day (varies by institution),per-course or per-credit hr; digital via lms; auto-enrolled; opt-out; varies by institution,,unknown,Various (BN / Follett / campus),Various; digital via LMS,unknown,,,,unverified,State university or community college. Various IA models common at larger institutions. Per-course. Opt-out.
Mesa Community College,AZ,,public,2-year,0,No (OER),Open Maricopa (ZTC/LTC/OER),zero or <$40 ltc,,unknown,Maricopa Bookstores,OER materials,unknown,https://mesacc.edu; https://bkstr.com/maricopabookstores,,2026-03-09,likely,Open Maricopa since 2013; $270M+ saved; ZTC/LTC/OER leader
Midwestern University-Glendale,AZ,,private_nonprofit,4-year,0,yes,Inclusive Access / First Day (varies by institution),per-course or per-credit hr; digital via lms; auto-enrolled; opt-out; varies by institution,,unknown,Various (BN / Follett / campus),Various; digital via LMS,unknown,,,,unverified,State university or community college. Various IA models common at larger institutions. Per-course. Opt-out.
Miller-Motte College-Arizona Automotive Institute,AZ,,private_forprofit,2-year,0,no,N/A,traditional purchase; small/specialty institution,,unknown,Various / N/A,Various,unknown,,,,unverified,Small/specialty/private institution. No formal inclusive access program found.
Mohave Community College,AZ,,public,2-year,0,Partial,Cengage subscription,subscription,,unknown,MCC Bookstore,Cengage,unknown,https://mohave.edu; https://bkstr.com,,2026-03-09,likely,Cengage subscriptions; no formal college-wide IA
Northern Arizona University,AZ,,public,4-year,0,yes,Follett Access (Course-by-Course Affordable Access),per-course; digital via lms day 1; auto-enrolled; opt-out by course; up to 60% savings; follett,,unknown,Follett / NAU Bookstore,Various; Follett,unknown,https://nau.edu,,2026-03-09,likely,NAU: Follett Access. Per-course. Up to 60% savings. Auto-enrolled opt-out by course.
Northland Pioneer College,AZ,,public,2-year,0,no,N/A,traditional purchase; small/specialty institution,,unknown,Various / N/A,Various,unknown,,,,unverified,Small/specialty/private institution. No formal inclusive access program found.
Ottawa University-Surprise,AZ,,private_nonprofit,4-year,0,yes,Inclusive Access / First Day (varies by institution),per-course or per-credit hr; digital via lms; auto-enrolled; opt-out; varies by institution,,unknown,Various (BN / Follett / campus),Various; digital via LMS,unknown,,,,unverified,State university or community college. Various IA models common at larger institutions. Per-course. Opt-out.
Paradise Valley Community College,AZ,,public,4-year,0,No (OER),Open Maricopa (ZTC/LTC/OER),zero or <$40 ltc,,unknown,Maricopa Bookstores,OER materials,unknown,https://pvc.edu; https://bkstr.com/maricopabookstores,,2026-03-09,likely,Open Maricopa since 2013; $270M+ saved; ZTC/LTC/OER leader
Pathways College,AZ,,private_nonprofit,4-year,0,no,N/A,traditional purchase; small/specialty institution,,unknown,Various / N/A,Various,unknown,,,,unverified,Small/specialty/private institution. No formal inclusive access program found.
Phoenix College,AZ,,public,2-year,0,No (OER),Open Maricopa (ZTC/LTC/OER),zero or <$40 ltc,,unknown,Maricopa Bookstores,OER materials,unknown,https://phoenixcollege.edu; https://bkstr.com/maricopabookstores,,2026-03-09,likely,Open Maricopa since 2013; $270M+ saved; ZTC/LTC/OER leader
Phoenix Institute of Herbal Medicine & Acupuncture,AZ,,private_forprofit,4-year,0,no,N/A,traditional purchase; small/specialty institution,,unknown,Various / N/A,Various,unknown,,,,unverified,Small/specialty/private institution. No formal inclusive access program found.
Phoenix Seminary,AZ,,private_nonprofit,4-year,0,no,N/A,traditional purchase; small/specialty institution,,unknown,Various / N/A,Various,unknown,,,,unverified,Small/specialty/private institution. No formal inclusive access program found.
Pima Community College,AZ,,public,2-year,0,Yes,IncludEd + Inclusive Access,per-course fee,,unknown,PCC Bookstore,Various,unknown,https://pima.edu; https://bkstr.com/pimaccbookstore,,2026-03-09,likely,IncludEd (dept heads decide); also OER; opt-out; EBPP for fin aid
Pima Medical Institute-East Valley,AZ,,private_forprofit,2-year,0,no,N/A,traditional purchase; small/specialty institution,,unknown,Various / N/A,Various,unknown,,,,unverified,Small/specialty/private institution. No formal inclusive access program found.
Pima Medical Institute-Mesa,AZ,,private_forprofit,2-year,0,no,N/A,traditional purchase; small/specialty institution,,unknown,Various / N/A,Various,unknown,,,,unverified,Small/specialty/private institution. No formal inclusive access program found.
Pima Medical Institute-Phoenix,AZ,,private_forprofit,2-year,0,no,N/A,traditional purchase; small/specialty institution,,unknown,Various / N/A,Various,unknown,,,,unverified,Small/specialty/private institution. No formal inclusive access program found.
Pima Medical Institute-Tucson,AZ,,private_forprofit,4-year,0,no,N/A,traditional purchase; small/specialty institution,,unknown,Various / N/A,Various,unknown,,,,unverified,Small/specialty/private institution. No formal inclusive access program found.
Prescott College,AZ,,private_nonprofit,4-year,0,No,N/A,traditional,,unknown,Library + secondhand,N/A,unknown,https://prescott.edu,,2026-03-09,likely,148K e-books in library; no formal IA
Refrigeration School Inc,AZ,,private_forprofit,2-year,0,no,N/A,traditional purchase; small/specialty institution,,unknown,Various / N/A,Various,unknown,,,,unverified,Small/specialty/private institution. No formal inclusive access program found.
Rio Salado College,AZ,,public,4-year,0,No (OER),Open Maricopa (ZTC/LTC/OER),zero or <$40 ltc,,unknown,Maricopa Bookstores,OER materials,unknown,https://riosalado.edu; https://bkstr.com/maricopabookstores,,2026-03-09,likely,Open Maricopa since 2013; $270M+ saved; ZTC/LTC/OER leader
Scottsdale Community College,AZ,,public,2-year,0,No (OER),Open Maricopa (ZTC/LTC/OER),zero or <$40 ltc,,unknown,Maricopa Bookstores,OER materials,unknown,https://scottsdalecc.edu; https://bkstr.com/maricopabookstores,,2026-03-09,likely,Open Maricopa since 2013; $270M+ saved; ZTC/LTC/OER leader
Sessions College for Professional Design,AZ,,private_forprofit,4-year,0,no,N/A,traditional purchase; small/specialty institution,,unknown,Various / N/A,Various,unknown,,,,unverified,Small/specialty/private institution. No formal inclusive access program found.
Sonoran Desert Institute,AZ,,private_forprofit,2-year,0,no,N/A,traditional purchase; small/specialty institution,,unknown,Various / N/A,Various,unknown,,,,unverified,Small/specialty/private institution. No formal inclusive access program found.
Sonoran University of Health Sciences,AZ,,private_nonprofit,4-year,0,yes,Inclusive Access / First Day (varies by institution),per-course or per-credit hr; digital via lms; auto-enrolled; opt-out; varies by institution,,unknown,Various (BN / Follett / campus),Various; digital via LMS,unknown,,,,unverified,State university or community college. Various IA models common at larger institutions. Per-course. Opt-out.
South Mountain Community College,AZ,,public,2-year,0,No (OER),Open Maricopa (ZTC/LTC/OER),zero or <$40 ltc,,unknown,Maricopa Bookstores,OER materials,unknown,https://southmountaincc.edu; https://bkstr.com/maricopabookstores,,2026-03-09,likely,Open Maricopa since 2013; $270M+ saved; ZTC/LTC/OER leader
Southwest Institute of Healing Arts,AZ,,private_forprofit,2-year,0,no,N/A,traditional purchase; small/specialty institution,,unknown,Various / N/A,Various,unknown,,,,unverified,Small/specialty/private institution. No formal inclusive access program found.
The School of Architecture,AZ,,private_nonprofit,4-year,0,no,N/A,traditional purchase; small/specialty institution,,unknown,Various / N/A,Various,unknown,,,,unverified,Small/specialty/private institution. No formal inclusive access program found.
Tohono O'odham Community College,AZ,,public,2-year,0,yes,Inclusive Access / First Day (varies by institution),per-course or per-credit hr; digital via lms; auto-enrolled; opt-out; varies by institution,,unknown,Various (BN / Follett / campus),Various; digital via LMS,unknown,,,,unverified,State university or community college. Various IA models common at larger institutions. Per-course. Opt-out.
Universal Technical Institute of Arizona Inc,AZ,,private_forprofit,2-year,0,no,N/A,traditional purchase; small/specialty institution,,unknown,Various / N/A,Various,unknown,,,,unverified,Small/specialty/private institution. No formal inclusive access program found.
Universal Technical Institute-Phoenix,AZ,,private_forprofit,2-year,0,no,N/A,traditional purchase; small/specialty institution,,unknown,Various / N/A,Various,unknown,,,,unverified,Small/specialty/private institution. No formal inclusive access program found.
University of Advancing Technology,AZ,,private_forprofit,4-year,0,yes,Inclusive Access / First Day (varies by institution),per-course or per-credit hr; digital via lms; auto-enrolled; opt-out; varies by institution,,unknown,Various (BN / Follett / campus),Various; digital via LMS,unknown,,,,unverified,State university or community college. Various IA models common at larger institutions. Per-course. Opt-out.
University of Arizona,AZ,,public,4-year,0,yes,Pay One Price,flat-rate-semester,$275,yes,Independent/In-house,Various; digital via Brightspace,yes,https://shop.arizona.edu/payoneprice,,2026-03-09,verified,"Two programs: course-level IA (opt-out, 60% savings) + Pay One Price $275/sem flat rate for all undergrads."
University of Phoenix-Arizona,AZ,,private_forprofit,4-year,0,yes,Equitable Access,flat-rate-semester,,yes,BibliU,"BibliU (100K students), various",unknown,https://bibliu.com/blog/university-of-phoenix-partners-with-bibliu,,2026-03-09,verified,One of largest digital textbook programs in US; digital-first via LMS
Western Maricopa Education Center,AZ,,public,2-year,0,no,OER / ZTC / LTC (Maricopa CC District),oer/ztc/ltc focus; $270m+ saved since 2013; ztc degrees; ltc courses <$40; no formal auto-billed ia,,unknown,Campus bookstore,OER; Various,unknown,https://maricopa.edu,,2026-03-09,likely,Maricopa CC District: OER/ZTC/LTC. $270M+ saved since 2013. ZTC degrees. No formal auto-billed IA.
Yavapai College,AZ,,public,4-year,0,Partial,Z-classes (OER) + Access Program,zero (oer) or per-course,,unknown,YC Bookstore (BN),OER + select publisher IA,unknown,https://yc.edu; https://bkstr.com/yavapaibookstore,,2026-03-09,likely,Z-classes/Z-degrees (zero cost); OER regional leader
ABCO Technology,CA,,private_forprofit,2-year,0,no,N/A,materials often included in tuition/fees; career/trade school; no formal inclusive access program,,unknown,N/A,Proprietary / trade materials,unknown,,,,unverified,Career/trade/for-profit school. Materials typically included in program fees. No formal inclusive access textbook program.
ATA College,CA,,private_forprofit,2-year,0,no,N/A,traditional purchase; small/specialty institution,,unknown,Various / N/A,Various,unknown,,,,unverified,Small/specialty/private institution. No formal inclusive access program found.
ATI College-Whittier,CA,,private_forprofit,4-year,0,no,N/A,materials often included in tuition/fees; career/trade school; no formal inclusive access program,,unknown,N/A,Proprietary / trade materials,unknown,,,,unverified,Career/trade/for-profit school. Materials typically included in program fees. No formal inclusive access textbook program.
Abraham Lincoln University,CA,,private_forprofit,4-year,0,no,N/A,traditional purchase; small/specialty institution; no formal inclusive access program found,,unknown,Various / campus store,Various,unknown,,,,unverified,Small private/specialty/for-profit institution in CA. No formal inclusive access or equitable access program found. May use traditional textbook purchasing.
Academy for Jewish Religion California,CA,,private_nonprofit,4-year,0,no,N/A,traditional purchase; small/specialty institution; no formal inclusive access program found,,unknown,Various / campus store,Various,unknown,,,,unverified,Small private/specialty/for-profit institution in CA. No formal inclusive access or equitable access program found. May use traditional textbook purchasing.
Academy of Art University,CA,,private_forprofit,4-year,0,no,N/A,traditional purchase; small/specialty institution; no formal inclusive access program found,,unknown,Various / campus store,Various,unknown,,,,unverified,Small private/specialty/for-profit institution in CA. No formal inclusive access or equitable access program found. May use traditional textbook purchasing.
Academy of Chinese Culture and Health Sciences,CA,,private_nonprofit,4-year,0,no,N/A,materials often included in tuition/fees; career/trade school; no formal inclusive access program,,unknown,N/A,Proprietary / trade materials,unknown,,,,unverified,Career/trade/for-profit school. Materials typically included in program fees. No formal inclusive access textbook program.
Acupuncture and Integrative Medicine College-Berkeley,CA,,private_nonprofit,4-year,0,no,N/A,materials often included in tuition/fees; career/trade school; no formal inclusive access program,,unknown,N/A,Proprietary / trade materials,unknown,,,,unverified,Career/trade/for-profit school. Materials typically included in program fees. No formal inclusive access textbook program.
Agape College of Business and Science,CA,,private_nonprofit,4-year,0,no,N/A,traditional purchase; small/specialty institution; no formal inclusive access program found,,unknown,Various / campus store,Various,unknown,,,,unverified,Small private/specialty/for-profit institution in CA. No formal inclusive access or equitable access program found. May use traditional textbook purchasing.
Alder Graduate School of Education,CA,,private_nonprofit,4-year,0,no,N/A,traditional purchase; small/specialty institution; no formal inclusive access program found,,unknown,Various / campus store,Various,unknown,,,,unverified,Small private/specialty/for-profit institution in CA. No formal inclusive access or equitable access program found. May use traditional textbook purchasing.
Alhambra Medical University,CA,,private_forprofit,4-year,0,no,N/A,materials often included in tuition/fees; career/trade school; no formal inclusive access program,,unknown,N/A,Proprietary / trade materials,unknown,,,,unverified,Career/trade/for-profit school. Materials typically included in program fees. No formal inclusive access textbook program.
Allan Hancock College,CA,,public,2-year,0,yes,Zero Textbook Cost (ZTC) / Inclusive Access (varies by college),"mixed: ztc degrees (no textbook cost via oer), some colleges have ia/ea per-unit charges; $115m state ztc funding; libretexts system contract; opt-out where ia exists; new first-day access regs july 2025",,unknown,Various,OER / LibreTexts / Various publishers,unknown,https://cccco.edu; https://asccc-oeri.org,,2026-03-09,likely,CA CC system: $115M ZTC program. OER-focused. Some colleges also have IA (e.g. Merced $25/unit EA). New regs July 2025 mandate first-day access. ASCCC concerns about IA opt-out models. ZTC pathways by Fall 2026.
Alliant International University-Fresno,CA,,private_forprofit,4-year,0,no,N/A,traditional purchase; small/specialty institution; no formal inclusive access program found,,unknown,Various / campus store,Various,unknown,,,,unverified,Small private/specialty/for-profit institution in CA. No formal inclusive access or equitable access program found. May use traditional textbook purchasing.
Alliant International University-Irvine,CA,,private_forprofit,4-year,0,no,N/A,traditional purchase; small/specialty institution; no formal inclusive access program found,,unknown,Various / campus store,Various,unknown,,,,unverified,Small private/specialty/for-profit institution in CA. No formal inclusive access or equitable access program found. May use traditional textbook purchasing.
Alliant International University-Los Angeles,CA,,private_forprofit,4-year,0,no,N/A,traditional purchase; small/specialty institution; no formal inclusive access program found,,unknown,Various / campus store,Various,unknown,,,,unverified,Small private/specialty/for-profit institution in CA. No formal inclusive access or equitable access program found. May use traditional textbook purchasing.
Alliant International University-Sacramento,CA,,private_forprofit,4-year,0,no,N/A,traditional purchase; small/specialty institution; no formal inclusive access program found,,unknown,Various / campus store,Various,unknown,,,,unverified,Small private/specialty/for-profit institution in CA. No formal inclusive access or equitable access program found. May use traditional textbook purchasing.
Alliant International University-San Diego,CA,,private_forprofit,4-year,0,no,N/A,traditional purchase; small/specialty institution; no formal inclusive access program found,,unknown,Various / campus store,Various,unknown,,,,unverified,Small private/specialty/for-profit institution in CA. No formal inclusive access or equitable access program found. May use traditional textbook purchasing.
Alliant International University-San Francisco Bay Area,CA,,private_forprofit,4-year,0,no,N/A,traditional purchase; small/specialty institution; no formal inclusive access program found,,unknown,Various / campus store,Various,unknown,,,,unverified,Small private/specialty/for-profit institution in CA. No formal inclusive access or equitable access program found. May use traditional textbook purchasing.
America Evangelical University,CA,,private_nonprofit,4-year,0,no,N/A,traditional purchase; small/specialty institution; no formal inclusive access program found,,unknown,Various / campus store,Various,unknown,,,,unverified,Small private/specialty/for-profit institution in CA. No formal inclusive access or equitable access program found. May use traditional textbook purchasing.
American Academy of Dramatic Arts-Los Angeles,CA,,private_nonprofit,2-year,0,no,N/A,traditional purchase; small/specialty institution; no formal inclusive access program found,,unknown,Various / campus store,Various,unknown,,,,unverified,Small private/specialty/for-profit institution in CA. No formal inclusive access or equitable access program found. May use traditional textbook purchasing.
American Career College-Anaheim,CA,,private_forprofit,2-year,0,no,N/A,materials often included in tuition/fees; career/trade school; no formal inclusive access program,,unknown,N/A,Proprietary / trade materials,unknown,,,,unverified,Career/trade/for-profit school. Materials typically included in program fees. No formal inclusive access textbook program.
American Career College-Los Angeles,CA,,private_forprofit,2-year,0,no,N/A,materials often included in tuition/fees; career/trade school; no formal inclusive access program,,unknown,N/A,Proprietary / trade materials,unknown,,,,unverified,Career/trade/for-profit school. Materials typically included in program fees. No formal inclusive access textbook program.
American Career College-Ontario,CA,,private_forprofit,2-year,0,no,N/A,materials often included in tuition/fees; career/trade school; no formal inclusive access program,,unknown,N/A,Proprietary / trade materials,unknown,,,,unverified,Career/trade/for-profit school. Materials typically included in program fees. No formal inclusive access textbook program.
American College of Healthcare and Technology,CA,,private_forprofit,2-year,0,no,N/A,materials often included in tuition/fees; career/trade school; no formal inclusive access program,,unknown,N/A,Proprietary / trade materials,unknown,,,,unverified,Career/trade/for-profit school. Materials typically included in program fees. No formal inclusive access textbook program.
American Film Institute Conservatory,CA,,private_nonprofit,4-year,0,no,N/A,traditional purchase; small/specialty institution; no formal inclusive access program found,,unknown,Various / campus store,Various,unknown,,,,unverified,Small private/specialty/for-profit institution in CA. No formal inclusive access or equitable access program found. May use traditional textbook purchasing.
American Jewish University,CA,,private_nonprofit,4-year,0,no,N/A,traditional purchase; small/specialty institution; no formal inclusive access program found,,unknown,Various / campus store,Various,unknown,,,,unverified,Small private/specialty/for-profit institution in CA. No formal inclusive access or equitable access program found. May use traditional textbook purchasing.
American Medical Sciences Center,CA,,private_forprofit,4-year,0,no,N/A,materials often included in tuition/fees; career/trade school; no formal inclusive access program,,unknown,N/A,Proprietary / trade materials,unknown,,,,unverified,Career/trade/for-profit school. Materials typically included in program fees. No formal inclusive access textbook program.
American River College,CA,,public,2-year,0,yes,Zero Textbook Cost (ZTC) / Inclusive Access (varies by college),"mixed: ztc degrees (no textbook cost via oer), some colleges have ia/ea per-unit charges; $115m state ztc funding; libretexts system contract; opt-out where ia exists; new first-day access regs july 2025",,unknown,Various,OER / LibreTexts / Various publishers,unknown,https://cccco.edu; https://asccc-oeri.org,,2026-03-09,likely,CA CC system: $115M ZTC program. OER-focused. Some colleges also have IA (e.g. Merced $25/unit EA). New regs July 2025 mandate first-day access. ASCCC concerns about IA opt-out models. ZTC pathways by Fall 2026.
American University of Health Sciences,CA,,private_forprofit,4-year,0,no,N/A,materials often included in tuition/fees; career/trade school; no formal inclusive access program,,unknown,N/A,Proprietary / trade materials,unknown,,,,unverified,Career/trade/for-profit school. Materials typically included in program fees. No formal inclusive access textbook program.
Angeles College,CA,,private_forprofit,4-year,0,no,N/A,traditional purchase; small/specialty institution; no formal inclusive access program found,,unknown,Various / campus store,Various,unknown,,,,unverified,Small private/specialty/for-profit institution in CA. No formal inclusive access or equitable access program found. May use traditional textbook purchasing.
Antelope Valley Community College District,CA,,public,4-year,0,yes,Zero Textbook Cost (ZTC) / Inclusive Access (varies by college),"mixed: ztc degrees (no textbook cost via oer), some colleges have ia/ea per-unit charges; $115m state ztc funding; libretexts system contract; opt-out where ia exists; new first-day access regs july 2025",,unknown,Various,OER / LibreTexts / Various publishers,unknown,https://cccco.edu; https://asccc-oeri.org,,2026-03-09,likely,CA CC system: $115M ZTC program. OER-focused. Some colleges also have IA (e.g. Merced $25/unit EA). New regs July 2025 mandate first-day access. ASCCC concerns about IA opt-out models. ZTC pathways by Fall 2026.
Antioch University-Los Angeles,CA,,private_nonprofit,4-year,0,no,N/A,traditional purchase; small/specialty institution; no formal inclusive access program found,,unknown,Various / campus store,Various,unknown,,,,unverified,Small private/specialty/for-profit institution in CA. No formal inclusive access or equitable access program found. May use traditional textbook purchasing.
Antioch University-Santa Barbara,CA,,private_nonprofit,4-year,0,yes,Zero Textbook Cost (ZTC) / Inclusive Access (varies by college),"mixed: ztc degrees (no textbook cost via oer), some colleges have ia/ea per-unit charges; $115m state ztc funding; libretexts system contract; opt-out where ia exists; new first-day access regs july 2025",,unknown,Various,OER / LibreTexts / Various publishers,unknown,https://cccco.edu; https://asccc-oeri.org,,2026-03-09,likely,CA CC system: $115M ZTC program. OER-focused. Some colleges also have IA (e.g. Merced $25/unit EA). New regs July 2025 mandate first-day access. ASCCC concerns about IA opt-out models. ZTC pathways by Fall 2026.
Arizona College of Nursing-Ontario,CA,,private_forprofit,4-year,0,no,N/A,materials often included in tuition/fees; career/trade school; no formal inclusive access program,,unknown,N/A,Proprietary / trade materials,unknown,,,,unverified,Career/trade/for-profit school. Materials typically included in program fees. No formal inclusive access textbook program.
Art Center College of Design,CA,,private_nonprofit,4-year,0,no,N/A,traditional purchase; small/specialty institution; no formal inclusive access program found,,unknown,Various / campus store,Various,unknown,,,,unverified,Small private/specialty/for-profit institution in CA. No formal inclusive access or equitable access program found. May use traditional textbook purchasing.
Asher College,CA,,private_forprofit,2-year,0,no,N/A,traditional purchase; small/specialty institution; no formal inclusive access program found,,unknown,Various / campus store,Various,unknown,,,,unverified,Small private/specialty/for-profit institution in CA. No formal inclusive access or equitable access program found. May use traditional textbook purchasing.
Ashford University,CA,,private_forprofit,4-year,0,no,N/A,traditional purchase; small/specialty institution; no formal inclusive access program found,,unknown,Various / campus store,Various,unknown,,,,unverified,Small private/specialty/for-profit institution in CA. No formal inclusive access or equitable access program found. May use traditional textbook purchasing.
Aviation Institute of Maintenance-Fremont,CA,,private_forprofit,2-year,0,no,N/A,materials often included in tuition/fees; career/trade school; no formal inclusive access program,,unknown,N/A,Proprietary / trade materials,unknown,,,,unverified,Career/trade/for-profit school. Materials typically included in program fees. No formal inclusive access textbook program.
Azusa Pacific University,CA,,private_nonprofit,4-year,0,no,N/A,traditional purchase; small/specialty institution; no formal inclusive access program found,,unknown,Various / campus store,Various,unknown,,,,unverified,Small private/specialty/for-profit institution in CA. No formal inclusive access or equitable access program found. May use traditional textbook purchasing.
Bakersfield College,CA,,public,4-year,0,yes,Zero Textbook Cost (ZTC) / Inclusive Access (varies by college),"mixed: ztc degrees (no textbook cost via oer), some colleges have ia/ea per-unit charges; $115m state ztc funding; libretexts system contract; opt-out where ia exists; new first-day access regs july 2025",,unknown,Various,OER / LibreTexts / Various publishers,unknown,https://cccco.edu; https://asccc-oeri.org,,2026-03-09,likely,CA CC system: $115M ZTC program. OER-focused. Some colleges also have IA (e.g. Merced $25/unit EA). New regs July 2025 mandate first-day access. ASCCC concerns about IA opt-out models. ZTC pathways by Fall 2026.
Barstow Community College,CA,,public,2-year,0,yes,Zero Textbook Cost (ZTC) / Inclusive Access (varies by college),"mixed: ztc degrees (no textbook cost via oer), some colleges have ia/ea per-unit charges; $115m state ztc funding; libretexts system contract; opt-out where ia exists; new first-day access regs july 2025",,unknown,Various,OER / LibreTexts / Various publishers,unknown,https://cccco.edu; https://asccc-oeri.org,,2026-03-09,likely,CA CC system: $115M ZTC program. OER-focused. Some colleges also have IA (e.g. Merced $25/unit EA). New regs July 2025 mandate first-day access. ASCCC concerns about IA opt-out models. ZTC pathways by Fall 2026.
Bellus Academy-Chula Vista,CA,,private_forprofit,2-year,0,no,N/A,materials often included in tuition/fees; career/trade school; no formal inclusive access program,,unknown,N/A,Proprietary / trade materials,unknown,,,,unverified,Career/trade/for-profit school. Materials typically included in program fees. No formal inclusive access textbook program.
Bellus Academy-El Cajon,CA,,private_forprofit,2-year,0,no,N/A,materials often included in tuition/fees; career/trade school; no formal inclusive access program,,unknown,N/A,Proprietary / trade materials,unknown,,,,unverified,Career/trade/for-profit school. Materials typically included in program fees. No formal inclusive access textbook program.
Bellus Academy-Poway,CA,,private_forprofit,2-year,0,no,N/A,materials often included in tuition/fees; career/trade school; no formal inclusive access program,,unknown,N/A,Proprietary / trade materials,unknown,,,,unverified,Career/trade/for-profit school. Materials typically included in program fees. No formal inclusive access textbook program.
Bergin University of Canine Studies,CA,,private_nonprofit,4-year,0,no,N/A,traditional purchase; small/specialty institution; no formal inclusive access program found,,unknown,Various / campus store,Various,unknown,,,,unverified,Small private/specialty/for-profit institution in CA. No formal inclusive access or equitable access program found. May use traditional textbook purchasing.
Berkeley City College,CA,,public,2-year,0,yes,Zero Textbook Cost (ZTC) / Inclusive Access (varies by college),"mixed: ztc degrees (no textbook cost via oer), some colleges have ia/ea per-unit charges; $115m state ztc funding; libretexts system contract; opt-out where ia exists; new first-day access regs july 2025",,unknown,Various,OER / LibreTexts / Various publishers,unknown,https://cccco.edu; https://asccc-oeri.org,,2026-03-09,likely,CA CC system: $115M ZTC program. OER-focused. Some colleges also have IA (e.g. Merced $25/unit EA). New regs July 2025 mandate first-day access. ASCCC concerns about IA opt-out models. ZTC pathways by Fall 2026.
Berkeley School of Theology,CA,,private_nonprofit,4-year,0,no,N/A,materials often included in tuition/fees; career/trade school; no formal inclusive access program,,unknown,N/A,Proprietary / trade materials,unknown,,,,unverified,Career/trade/for-profit school. Materials typically included in program fees. No formal inclusive access textbook program.
Bethesda University,CA,,private_nonprofit,4-year,0,no,N/A,traditional purchase; small/specialty institution; no formal inclusive access program found,,unknown,Various / campus store,Various,unknown,,,,unverified,Small private/specialty/for-profit institution in CA. No formal inclusive access or equitable access program found. May use traditional textbook purchasing.
Beverly Hills Design Institute,CA,,private_forprofit,4-year,0,no,N/A,traditional purchase; small/specialty institution; no formal inclusive access program found,,unknown,Various / campus store,Various,unknown,,,,unverified,Small private/specialty/for-profit institution in CA. No formal inclusive access or equitable access program found. May use traditional textbook purchasing.
Biola University,CA,,private_nonprofit,4-year,0,no,N/A,traditional purchase; small/specialty institution; no formal inclusive access program found,,unknown,Various / campus store,Various,unknown,,,,unverified,Small private/specialty/for-profit institution in CA. No formal inclusive access or equitable access program found. May use traditional textbook purchasing.
Butte College,CA,,public,2-year,0,yes,Zero Textbook Cost (ZTC) / Inclusive Access (varies by college),"mixed: ztc degrees (no textbook cost via oer), some colleges have ia/ea per-unit charges; $115m state ztc funding; libretexts system contract; opt-out where ia exists; new first-day access regs july 2025",,unknown,Various,OER / LibreTexts / Various publishers,unknown,https://cccco.edu; https://asccc-oeri.org,,2026-03-09,likely,CA CC system: $115M ZTC program. OER-focused. Some colleges also have IA (e.g. Merced $25/unit EA). New regs July 2025 mandate first-day access. ASCCC concerns about IA opt-out models. ZTC pathways by Fall 2026.
CBD College,CA,,private_nonprofit,4-year,0,no,N/A,traditional purchase; small/specialty institution; no formal inclusive access program found,,unknown,Various / campus store,Various,unknown,,,,unverified,Small private/specialty/for-profit institution in CA. No formal inclusive access or equitable access program found. May use traditional textbook purchasing.
Cabrillo College,CA,,public,2-year,0,yes,Zero Textbook Cost (ZTC) / Inclusive Access (varies by college),"mixed: ztc degrees (no textbook cost via oer), some colleges have ia/ea per-unit charges; $115m state ztc funding; libretexts system contract; opt-out where ia exists; new first-day access regs july 2025",,unknown,Various,OER / LibreTexts / Various publishers,unknown,https://cccco.edu; https://asccc-oeri.org,,2026-03-09,likely,CA CC system: $115M ZTC program. OER-focused. Some colleges also have IA (e.g. Merced $25/unit EA). New regs July 2025 mandate first-day access. ASCCC concerns about IA opt-out models. ZTC pathways by Fall 2026.
Cal Northern School of Law,CA,,private_forprofit,4-year,0,no,N/A,traditional purchase; small/specialty institution; no formal inclusive access program found,,unknown,Various / campus store,Various,unknown,,,,unverified,Small private/specialty/for-profit institution in CA. No formal inclusive access or equitable access program found. May use traditional textbook purchasing.
California Aeronautical University,CA,,private_forprofit,4-year,0,no,N/A,materials often included in tuition/fees; career/trade school; no formal inclusive access program,,unknown,N/A,Proprietary / trade materials,unknown,,,,unverified,Career/trade/for-profit school. Materials typically included in program fees. No formal inclusive access textbook program.
California Baptist University,CA,,private_nonprofit,4-year,0,no,N/A,traditional purchase; small/specialty institution; no formal inclusive access program found,,unknown,Various / campus store,Various,unknown,,,,unverified,Small private/specialty/for-profit institution in CA. No formal inclusive access or equitable access program found. May use traditional textbook purchasing.
California Career College,CA,,private_forprofit,4-year,0,no,N/A,materials often included in tuition/fees; career/trade school; no formal inclusive access program,,unknown,N/A,Proprietary / trade materials,unknown,,,,unverified,Career/trade/for-profit school. Materials typically included in program fees. No formal inclusive access textbook program.
California Career Institute,CA,,private_forprofit,2-year,0,no,N/A,materials often included in tuition/fees; career/trade school; no formal inclusive access program,,unknown,N/A,Proprietary / trade materials,unknown,,,,unverified,Career/trade/for-profit school. Materials typically included in program fees. No formal inclusive access textbook program.
California College of ASU,CA,,private_nonprofit,4-year,0,no,N/A,traditional purchase; small/specialty institution; no formal inclusive access program found,,unknown,Various / campus store,Various,unknown,,,,unverified,Small private/specialty/for-profit institution in CA. No formal inclusive access or equitable access program found. May use traditional textbook purchasing.
California College of Music,CA,,private_forprofit,2-year,0,no,N/A,traditional purchase; small/specialty institution; no formal inclusive access program found,,unknown,Various / campus store,Various,unknown,,,,unverified,Small private/specialty/for-profit institution in CA. No formal inclusive access or equitable access program found. May use traditional textbook purchasing.
California College of the Arts,CA,,private_nonprofit,4-year,0,yes,Zero Textbook Cost (ZTC) / Inclusive Access (varies by college),"mixed: ztc degrees (no textbook cost via oer), some colleges have ia/ea per-unit charges; $115m state ztc funding; libretexts system contract; opt-out where ia exists; new first-day access regs july 2025",,unknown,Various,OER / LibreTexts / Various publishers,unknown,https://cccco.edu; https://asccc-oeri.org,,2026-03-09,likely,CA CC system: $115M ZTC program. OER-focused. Some colleges also have IA (e.g. Merced $25/unit EA). New regs July 2025 mandate first-day access. ASCCC concerns about IA opt-out models. ZTC pathways by Fall 2026.
California Health Sciences University,CA,,private_forprofit,4-year,0,no,N/A,materials often included in tuition/fees; career/trade school; no formal inclusive access program,,unknown,N/A,Proprietary / trade materials,unknown,,,,unverified,Career/trade/for-profit school. Materials typically included in program fees. No formal inclusive access textbook program.
California Indian Nations College,CA,,public,2-year,0,no,N/A,traditional purchase; small/specialty institution; no formal inclusive access program found,,unknown,Various / campus store,Various,unknown,,,,unverified,Small private/specialty/for-profit institution in CA. No formal inclusive access or equitable access program found. May use traditional textbook purchasing.
California Institute of Advanced Management,CA,,private_nonprofit,4-year,0,no,N/A,traditional purchase; small/specialty institution; no formal inclusive access program found,,unknown,Various / campus store,Various,unknown,,,,unverified,Small private/specialty/for-profit institution in CA. No formal inclusive access or equitable access program found. May use traditional textbook purchasing.
California Institute of Arts & Technology,CA,,private_forprofit,4-year,0,no,N/A,traditional purchase; small/specialty institution; no formal inclusive access program found,,unknown,Various / campus store,Various,unknown,,,,unverified,Small private/specialty/for-profit institution in CA. No formal inclusive access or equitable access program found. May use traditional textbook purchasing.
California Institute of Arts & Technology-National City,CA,,private_forprofit,4-year,0,no,N/A,traditional purchase; small/specialty institution; no formal inclusive access program found,,unknown,Various / campus store,Various,unknown,,,,unverified,Small private/specialty/for-profit institution in CA. No formal inclusive access or equitable access program found. May use traditional textbook purchasing.
California Institute of Integral Studies,CA,,private_nonprofit,4-year,0,no,N/A,traditional purchase; small/specialty institution; no formal inclusive access program found,,unknown,Various / campus store,Various,unknown,,,,unverified,Small private/specialty/for-profit institution in CA. No formal inclusive access or equitable access program found. May use traditional textbook purchasing.
California Institute of Technology,CA,,private_nonprofit,4-year,0,no,N/A,traditional purchase; small/specialty institution; no formal inclusive access program found,,unknown,Various / campus store,Various,unknown,,,,unverified,Small private/specialty/for-profit institution in CA. No formal inclusive access or equitable access program found. May use traditional textbook purchasing.
California Institute of the Arts,CA,,private_nonprofit,4-year,0,no,N/A,traditional purchase; small/specialty institution; no formal inclusive access program found,,unknown,Various / campus store,Various,unknown,,,,unverified,Small private/specialty/for-profit institution in CA. No formal inclusive access or equitable access program found. May use traditional textbook purchasing.
California Jazz Conservatory,CA,,private_nonprofit,4-year,0,no,N/A,traditional purchase; small/specialty institution; no formal inclusive access program found,,unknown,Various / campus store,Various,unknown,,,,unverified,Small private/specialty/for-profit institution in CA. No formal inclusive access or equitable access program found. May use traditional textbook purchasing.
California Lutheran University,CA,,private_nonprofit,4-year,0,no,N/A,traditional purchase; small/specialty institution; no formal inclusive access program found,,unknown,Various / campus store,Various,unknown,,,,unverified,Small private/specialty/for-profit institution in CA. No formal inclusive access or equitable access program found. May use traditional textbook purchasing.
California Miramar University,CA,,private_forprofit,4-year,0,no,N/A,traditional purchase; small/specialty institution; no formal inclusive access program found,,unknown,Various / campus store,Various,unknown,,,,unverified,Small private/specialty/for-profit institution in CA. No formal inclusive access or equitable access program found. May use traditional textbook purchasing.
California Northstate University,CA,,private_forprofit,4-year,0,no,N/A,traditional purchase; small/specialty institution; no formal inclusive access program found,,unknown,Various / campus store,Various,unknown,,,,unverified,Small private/specialty/for-profit institution in CA. No formal inclusive access or equitable access program found. May use traditional textbook purchasing.
California Nurses Educational Institute,CA,,private_forprofit,2-year,0,no,N/A,traditional purchase; small/specialty institution; no formal inclusive access program found,,unknown,Various / campus store,Various,unknown,,,,unverified,Small private/specialty/for-profit institution in CA. No formal inclusive access or equitable access program found. May use traditional textbook purchasing.
California Polytechnic State University-San Luis Obispo,CA,,public,4-year,0,Yes,Poly Access (Follett),per-course,,unknown,Follett,Various via Canvas,unknown,https://bkstr.com/calpolyslotextbooks; https://calpoly.edu,,2026-03-09,likely,Follett Poly Access; free first-day digital then charged after add/drop; opt-out; CSU Affordable Learning Solutions
California State Polytechnic University-Humboldt,CA,,public,4-year,0,no,N/A,traditional purchase; small/specialty institution; no formal inclusive access program found,,unknown,Various / campus store,Various,unknown,,,,unverified,Small private/specialty/for-profit institution in CA. No formal inclusive access or equitable access program found. May use traditional textbook purchasing.
California State Polytechnic University-Pomona,CA,,public,4-year,0,yes,Instant Access Complete,$250/semester undergrad; $150/semester grad; flat rate,,unknown,VitalSource / University bookstore,VitalSource; various,unknown,https://cpp.edu; https://vitalsource.com; https://thepolypost.com,,2026-03-09,likely,Fall 2023 launch. ~20k students opted in. Automated digital delivery. Opt-out by add/drop.
California State University Maritime Academy,CA,,public,4-year,0,yes,Equitable Access / Day 1 Digital Access (CSU AL$ framework),per-course or flat rate; digital via canvas/lms; auto-enrolled; opt-out; discounted; csu affordable learning solutions; chancellor's office supported,,unknown,Various (campus bookstores / Follett / BN),Various; digital via LMS; OER also promoted,unknown,https://calstate.edu,,2026-03-09,likely,CSU system Equitable Access / Day 1 Digital. AL$ framework. Digital via Canvas. Auto-enrolled. Opt-out. Hundreds of millions saved system-wide. Also OER initiatives.
California State University-Bakersfield,CA,,public,4-year,0,yes,Equitable Access / Day 1 Digital Access (CSU AL$ framework),per-course or flat rate; digital via canvas/lms; auto-enrolled; opt-out; discounted; csu affordable learning solutions; chancellor's office supported,,unknown,Various (campus bookstores / Follett / BN),Various; digital via LMS; OER also promoted,unknown,https://calstate.edu,,2026-03-09,likely,CSU system Equitable Access / Day 1 Digital. AL$ framework. Digital via Canvas. Auto-enrolled. Opt-out. Hundreds of millions saved system-wide. Also OER initiatives.
California State University-Channel Islands,CA,,public,4-year,0,yes,Equitable Access / Day 1 Digital Access (CSU AL$ framework),per-course or flat rate; digital via canvas/lms; auto-enrolled; opt-out; discounted; csu affordable learning solutions; chancellor's office supported,,unknown,Various (campus bookstores / Follett / BN),Various; digital via LMS; OER also promoted,unknown,https://calstate.edu,,2026-03-09,likely,CSU system Equitable Access / Day 1 Digital. AL$ framework. Digital via Canvas. Auto-enrolled. Opt-out. Hundreds of millions saved system-wide. Also OER initiatives.
California State University-Chico,CA,,public,4-year,0,yes,Equitable Access / Day 1 Digital Access (CSU AL$ framework),per-course or flat rate; digital via canvas/lms; auto-enrolled; opt-out; discounted; csu affordable learning solutions; chancellor's office supported,,unknown,Various (campus bookstores / Follett / BN),Various; digital via LMS; OER also promoted,unknown,https://calstate.edu,,2026-03-09,likely,CSU system Equitable Access / Day 1 Digital. AL$ framework. Digital via Canvas. Auto-enrolled. Opt-out. Hundreds of millions saved system-wide. Also OER initiatives.
California State University-Dominguez Hills,CA,,public,4-year,0,yes,DH Immediate Access,auto-enrolled; reduced cost digital; opt-out available,,unknown,University bookstore,Various publishers; digital e-books,unknown,https://csudhauxiliarypartners.org,,2026-03-09,likely,"Collaboration between university, publishers, and bookstore. Auto-enrolled, opt-out."
California State University-East Bay,CA,,public,4-year,0,yes,Equitable Access / Day 1 Digital Access (CSU AL$ framework),per-course or flat rate; digital via canvas/lms; auto-enrolled; opt-out; discounted; csu affordable learning solutions; chancellor's office supported,,unknown,Various (campus bookstores / Follett / BN),Various; digital via LMS; OER also promoted,unknown,https://calstate.edu,,2026-03-09,likely,CSU system Equitable Access / Day 1 Digital. AL$ framework. Digital via Canvas. Auto-enrolled. Opt-out. Hundreds of millions saved system-wide. Also OER initiatives.
California State University-Fresno,CA,,public,4-year,0,Yes,Immediate Access / Follett Access,per-course,,unknown,Follett (Kennel Bookstore),Various,unknown,https://kennel.bkstr.com; https://fresnostate.edu,,2026-03-09,likely,Follett Immediate Access since Fall 2017; significant expansion by Fall 2020; opt-out; Kennel Bookstore
California State University-Fullerton,CA,,public,4-year,0,yes,Inclusive Access,per-course,,yes,Independent/In-house,Various; Titan Direct Access platform,yes,https://www.fullerton.edu/titan-shops/,,2026-03-09,verified,Free digital access first 2 weeks then discounted purchase. SmartAccess+ flat-rate coming Spring 2027.
